date,portfolio_return,benchmark_return
2021-01-05 00:00:00-05:00,0.031309227422915135,0.006887519276698173
2021-01-06 00:00:00-05:00,0.03306147856151305,0.00597866930685087
2021-01-07 00:00:00-05:00,0.009537791543084794,0.014857277512843492
2021-01-08 00:00:00-05:00,-0.002714394669726489,0.0056977599443275295
2021-01-11 00:00:00-05:00,0.0042533955280137595,-0.006740940007475493
2021-01-12 00:00:00-05:00,0.026520297705263256,0.0002112471012536421
2021-01-13 00:00:00-05:00,-0.006551698995524269,0.002693110602390414
2021-01-14 00:00:00-05:00,0.015157010342592064,-0.0035020566248414875
2021-01-15 00:00:00-05:00,-0.016171887864787265,-0.007292754339187968
2021-01-19 00:00:00-05:00,0.006989494890817988,0.007851958330423958
2021-01-20 00:00:00-05:00,0.002355513216533206,0.01383879121266851
2021-01-21 00:00:00-05:00,-0.014437667439677653,0.0009115283226626136
2021-01-22 00:00:00-05:00,0.0014461561771805464,-0.0035394139435042105
2021-01-25 00:00:00-05:00,-0.006807273848930112,0.003943962536643308
2021-01-26 00:00:00-05:00,-0.010258886921041589,-0.0015609014565313162
2021-01-27 00:00:00-05:00,-0.010026376528627617,-0.024440490024358885
2021-01-28 00:00:00-05:00,0.013145682607950982,0.00860021755141016
2021-01-29 00:00:00-05:00,-0.02381009456663099,-0.020019615647619338
2021-02-01 00:00:00-05:00,0.01992422644612011,0.01664552276071274
2021-02-02 00:00:00-05:00,0.009030004851905271,0.014140258836322639
2021-02-03 00:00:00-05:00,0.021781175501691657,0.0007860043181675547
2021-02-04 00:00:00-05:00,0.008492547853506005,0.01136589321171444
2021-02-05 00:00:00-05:00,0.007404871698470256,0.003935915309263738
2021-02-08 00:00:00-05:00,0.025664009806077477,0.007221971817382489
2021-02-09 00:00:00-05:00,-0.0025355446648464286,-0.0006659180083458116
2021-02-10 00:00:00-05:00,0.009648256796301435,-0.0004357172896968242
2021-02-11 00:00:00-05:00,-0.007504608503217125,0.0016152983352026862
2021-02-12 00:00:00-05:00,0.007421059751472686,0.004939497376128532
2021-02-16 00:00:00-05:00,0.008584514916351076,-0.0008657990738483168
2021-02-17 00:00:00-05:00,0.006209445738595598,0.00022927347486523253
2021-02-18 00:00:00-05:00,-0.018535715910268723,-0.004255788346000822
2021-02-19 00:00:00-05:00,0.011809778705836604,-0.0017661469668220908
2021-02-22 00:00:00-05:00,0.0069858614504977375,-0.007691652494324019
2021-02-23 00:00:00-05:00,0.0069272006728878285,0.00121455361270284
2021-02-24 00:00:00-05:00,0.022239762316209936,0.01101922481814066
2021-02-25 00:00:00-05:00,-0.024864293388578367,-0.02409574575772233
2021-02-26 00:00:00-05:00,0.0005674194189025039,-0.0051526784405574455
2021-03-01 00:00:00-05:00,0.026262537079288533,0.02424016807109064
2021-03-02 00:00:00-05:00,-0.0008291492578163695,-0.00780324941119559
2021-03-03 00:00:00-05:00,0.014135102962118718,-0.013245585575676011
2021-03-04 00:00:00-05:00,0.011310716266071247,-0.012374795996199062
2021-03-05 00:00:00-05:00,0.018635731435522135,0.01839636830739333
2021-03-08 00:00:00-05:00,0.0015762039979037913,-0.00497871729269217
2021-03-09 00:00:00-05:00,-0.009764004010274347,0.014277518575412484
2021-03-10 00:00:00-05:00,0.0222427060931853,0.006224634760278125
2021-03-11 00:00:00-05:00,0.011399466349869996,0.010139359771592193
2021-03-12 00:00:00-05:00,0.01263401470203281,0.0013466433203335182
2021-03-15 00:00:00-04:00,0.015103342352970579,0.005963522485624262
2021-03-16 00:00:00-04:00,-0.019600485314892706,-0.0012613371305195686
2021-03-17 00:00:00-04:00,0.005587284562871409,0.003409796353956329
2021-03-18 00:00:00-04:00,-0.030306399614720213,-0.014549457444365088
2021-03-19 00:00:00-04:00,0.014090215384918031,-0.0018502354663975096
2021-03-22 00:00:00-04:00,-0.008712416869642959,0.00798466090604899
2021-03-23 00:00:00-04:00,-0.02593500373147073,-0.00787065612514215
2021-03-24 00:00:00-04:00,-0.0008715954829750016,-0.00508332290771063
2021-03-25 00:00:00-04:00,0.006630875381771667,0.0056254083213871375
2021-03-26 00:00:00-04:00,-0.005038090500398063,0.01611503381696977
2021-03-29 00:00:00-04:00,-0.013208099403271062,-0.0005052502662076241
2021-03-30 00:00:00-04:00,0.011378131011201942,-0.0026528610270352138
2021-03-31 00:00:00-04:00,-0.011305447073833592,0.004053324753131138
2021-04-01 00:00:00-04:00,0.010424463075779466,0.010799129889334624
2021-04-05 00:00:00-04:00,-0.0053337807964497965,0.014353110788271062
2021-04-06 00:00:00-04:00,0.004999263515161384,-0.000590573923518134
2021-04-07 00:00:00-04:00,-0.004775917259494594,0.0011572738884195743
2021-04-08 00:00:00-04:00,-0.004191857234860169,0.004746701286845623
2021-04-09 00:00:00-04:00,-0.0011145817931683232,0.007270137142575184
2021-04-12 00:00:00-04:00,-0.007419979679984823,0.0003644775703384173
2021-04-13 00:00:00-04:00,-0.003478885459851977,0.0029640301427809046
2021-04-14 00:00:00-04:00,0.01851930486600641,-0.0034151433252892494
2021-04-15 00:00:00-04:00,-0.002770154052085988,0.010742460571539603
2021-04-16 00:00:00-04:00,-0.0030070182478763863,0.003342199587879291
2021-04-19 00:00:00-04:00,-0.006459230679256528,-0.004913010548312502
2021-04-20 00:00:00-04:00,-0.021332624106489582,-0.007321704109483851
2021-04-21 00:00:00-04:00,0.013283090097469825,0.009462198097262675
2021-04-22 00:00:00-04:00,-0.007721847705423851,-0.00913288234006493
2021-04-23 00:00:00-04:00,0.009110704571113237,0.010842200057888496
2021-04-26 00:00:00-04:00,0.0032813886473568588,0.0020876339795783405
2021-04-27 00:00:00-04:00,-0.00017284148850632564,-0.00021545069305761722
2021-04-28 00:00:00-04:00,0.014004771320801723,-0.00028735536297996855
2021-04-29 00:00:00-04:00,0.006106097647168384,0.006372692850456163
2021-04-30 00:00:00-04:00,-0.004974715773634453,-0.006570366493228841
2021-05-03 00:00:00-04:00,0.014205393300597535,0.0021565729744821294
2021-05-04 00:00:00-04:00,-0.0008909323601354102,-0.0061692182898740455
2021-05-05 00:00:00-04:00,0.016876893180263426,0.00031275722859369637
2021-05-06 00:00:00-04:00,0.0005331299190630745,0.00798536267521155
2021-05-07 00:00:00-04:00,0.02257539563307494,0.007278233413121171
2021-05-10 00:00:00-04:00,-0.009128983537053787,-0.00990239904811463
2021-05-11 00:00:00-04:00,-0.013592828048472982,-0.008924646841422468
2021-05-12 00:00:00-04:00,-0.01564851047359046,-0.021245239188653176
2021-05-13 00:00:00-04:00,0.00040584213016989223,0.012012419045360101
2021-05-14 00:00:00-04:00,0.026147345704268764,0.01535557262186571
2021-05-17 00:00:00-04:00,0.005633641093116598,-0.0025445124403528085
2021-05-18 00:00:00-04:00,-0.012534444274779382,-0.008615913736221281
2021-05-19 00:00:00-04:00,-0.012601394872974413,-0.0026217019315319945
2021-05-20 00:00:00-04:00,0.0009767860297872466,0.01075788859915372
2021-05-21 00:00:00-04:00,0.001315270678842434,-0.0008186561540387549
2021-05-24 00:00:00-04:00,0.012869159701429789,0.010194228809042416
2021-05-25 00:00:00-04:00,-0.014730351245098083,-0.0022186821009769764
2021-05-26 00:00:00-04:00,0.016188809290565744,0.001984242262547564
2021-05-27 00:00:00-04:00,0.012268161857574716,0.0005251145788878198
2021-05-28 00:00:00-04:00,-0.0007311608174115248,0.0017889498213137234
2021-06-01 00:00:00-04:00,0.026121972947578353,-0.0008810373563078455
2021-06-02 00:00:00-04:00,0.007363749082780075,0.0015727051694682803
2021-06-03 00:00:00-04:00,0.0040825408041213875,-0.0037114941157209147
2021-06-04 00:00:00-04:00,0.001995456703581955,0.009145720152058168
2021-06-07 00:00:00-04:00,0.00010898683800475428,-0.0009697720763449658
2021-06-08 00:00:00-04:00,0.0031524811856302737,0.00021288316091117032
2021-06-09 00:00:00-04:00,-0.0065849074953675864,-0.0014917063825882204
2021-06-10 00:00:00-04:00,-0.0009013785976209443,0.004648395099598579
2021-06-11 00:00:00-04:00,0.005283957931579058,0.0016523833358013107
2021-06-14 00:00:00-04:00,-0.008950744613279238,0.00223899538578487
2021-06-15 00:00:00-04:00,0.007441624979668393,-0.001834157259061775
2021-06-16 00:00:00-04:00,-0.0012402771631287058,-0.005583415386259394
2021-06-17 00:00:00-04:00,-0.022650031547401018,-0.0003316664299995997
2021-06-18 00:00:00-04:00,-0.013148286226242973,-0.013490425895487435
2021-06-21 00:00:00-04:00,0.02642568721054107,0.014315933242279977
2021-06-22 00:00:00-04:00,0.0006048432036094287,0.005346274746174107
2021-06-23 00:00:00-04:00,0.0010882731268342162,-0.0012055652463818234
2021-06-24 00:00:00-04:00,0.010472996823559155,0.005915966468752032
2021-06-25 00:00:00-04:00,0.01298760313591384,0.003552056887607513
2021-06-28 00:00:00-04:00,-0.01936464862270641,0.0020160307449230697
2021-06-29 00:00:00-04:00,-0.004958567508694317,0.0005378964682261067
2021-06-30 00:00:00-04:00,0.004269131587075608,0.0008418235518505846
2021-07-01 00:00:00-04:00,0.02032652007220053,0.005536620586755969
2021-07-02 00:00:00-04:00,-0.007371438168546875,0.007643600265748285
2021-07-06 00:00:00-04:00,-0.024574337345204016,-0.0018214807403150735
2021-07-07 00:00:00-04:00,-0.008123561572602845,0.003533913146223977
2021-07-08 00:00:00-04:00,-0.004464892517324515,-0.008148027895829024
2021-07-09 00:00:00-04:00,0.021821815883099487,0.010674798818937292
2021-07-12 00:00:00-04:00,-0.0008944539716074674,0.003582006458986431
2021-07-13 00:00:00-04:00,-0.013270373072830133,-0.003409110052338016
2021-07-14 00:00:00-04:00,-0.01829913270265456,0.0014923432242621715
2021-07-15 00:00:00-04:00,-0.010760733818606627,-0.0034156744813360618
2021-07-16 00:00:00-04:00,-0.01792497994745152,-0.007843458853188157
2021-07-19 00:00:00-04:00,-0.02589946378035326,-0.014767848932619954
2021-07-20 00:00:00-04:00,0.02506452631152333,0.014330283407178346
2021-07-21 00:00:00-04:00,0.024336409975403806,0.00809632248099934
2021-07-22 00:00:00-04:00,-0.010462113317358513,0.002094087380176912
2021-07-23 00:00:00-04:00,-0.003007809031751901,0.010288072100010037
2021-07-26 00:00:00-04:00,0.009219112640947042,0.0024548397787986787
2021-07-27 00:00:00-04:00,-0.010298928758352543,-0.004557447987295515
2021-07-28 00:00:00-04:00,0.004801622055670996,-0.0004101782767494955
2021-07-29 00:00:00-04:00,0.005479720877853894,0.004147473678687286
2021-07-30 00:00:00-04:00,-0.013701104241064244,-0.004856550127883219
2021-08-02 00:00:00-04:00,-0.0011735801670117619,-0.0020980065402894654
2021-08-03 00:00:00-04:00,0.006640897825075926,0.008135502308614928
2021-08-04 00:00:00-04:00,-0.020454602696972284,-0.004918906561199421
2021-08-05 00:00:00-04:00,0.013007267947856244,0.006332891419867925
2021-08-06 00:00:00-04:00,0.012422470332652025,0.0016524306206124884
2021-08-09 00:00:00-04:00,-0.006925410057961256,-0.000813685921321361
2021-08-10 00:00:00-04:00,0.024490615295156004,0.0012439833235675657
2021-08-11 00:00:00-04:00,0.007893119364973389,0.002484948454992031
2021-08-12 00:00:00-04:00,-0.000380361632943238,0.0029969890389840437
2021-08-13 00:00:00-04:00,-0.01151805326995064,0.0018197811561160293
2021-08-16 00:00:00-04:00,-0.008233498546490674,0.00235463958798543
2021-08-17 00:00:00-04:00,-0.005606329055440784,-0.006555220879254198
2021-08-18 00:00:00-04:00,-0.009390801163661,-0.010945143155452808
2021-08-19 00:00:00-04:00,-0.016803025454913405,0.001548456473909221
2021-08-20 00:00:00-04:00,0.010600905962939833,0.007957104365530432
2021-08-23 00:00:00-04:00,0.019685525459164015,0.008796626300388022
2021-08-24 00:00:00-04:00,0.01474935160826545,0.0015874158537825256
2021-08-25 00:00:00-04:00,0.006315244536509784,0.002098253272275974
2021-08-26 00:00:00-04:00,-0.012911839584563805,-0.005903179737571818
2021-08-27 00:00:00-04:00,0.0220868639184253,0.008940856900988337
2021-08-30 00:00:00-04:00,-0.00843312071674821,0.00439767622407361
2021-08-31 00:00:00-04:00,0.008980266432672884,-0.0014815635776586067
2021-09-01 00:00:00-04:00,-0.0062533199378580874,0.0005314423492683851
2021-09-02 00:00:00-04:00,0.02479553414000667,0.0030765969129815662
2021-09-03 00:00:00-04:00,-0.008623714657951271,-0.00024285309632354757
2021-09-07 00:00:00-04:00,-0.003808286904984659,-0.0035754692148486367
2021-09-08 00:00:00-04:00,-0.011709081696600537,-0.0012182748524207643
2021-09-09 00:00:00-04:00,-0.00391111336651982,-0.00428008505309152
2021-09-10 00:00:00-04:00,-0.01391833882537113,-0.007884520052490074
2021-09-13 00:00:00-04:00,0.026836295514176482,0.0025591605135721895
2021-09-14 00:00:00-04:00,-0.024005033131138366,-0.005396321537254889
2021-09-15 00:00:00-04:00,0.02085971933529382,0.008352630324946375
2021-09-16 00:00:00-04:00,-0.003922416020600572,-0.0015855067564839453
2021-09-17 00:00:00-04:00,-0.0009975925803330176,-0.009740904787638782
2021-09-20 00:00:00-04:00,-0.02023624900117299,-0.016674296301974034
2021-09-21 00:00:00-04:00,-0.0029058969484182682,-0.000944579595701267
2021-09-22 00:00:00-04:00,0.01995769452284263,0.009754789554754062
2021-09-23 00:00:00-04:00,0.020434112420919415,0.01215005565761218
2021-09-24 00:00:00-04:00,-7.712673560697492e-05,0.001647106011639199
2021-09-27 00:00:00-04:00,0.02069021412558581,-0.002860799168780126
2021-09-28 00:00:00-04:00,-0.007839423570820464,-0.020151918456499107
2021-09-29 00:00:00-04:00,0.00659161195901774,0.001683031618223474
2021-09-30 00:00:00-04:00,-0.013843640126158945,-0.01222230438659444
2021-10-01 00:00:00-04:00,0.01835470454731449,0.01188422800038702
2021-10-04 00:00:00-04:00,0.006850169995751219,-0.01289592117815841
2021-10-05 00:00:00-04:00,0.005883715852595378,0.01040494160940253
2021-10-06 00:00:00-04:00,-0.009678928240847451,0.004156147217264872
2021-10-07 00:00:00-04:00,0.012929337643496353,0.008645544873398636
2021-10-08 00:00:00-04:00,-0.0005237617808925455,-0.0018237637473017543
2021-10-11 00:00:00-04:00,-0.01142667532330625,-0.007239716942756491
2021-10-12 00:00:00-04:00,0.0016289229559246054,-0.0024615951536494096
2021-10-13 00:00:00-04:00,-0.001737780912156478,0.003597793915294023
2021-10-14 00:00:00-04:00,0.0118006742577762,0.016820525581599632
2021-10-15 00:00:00-04:00,0.005090834160631746,0.007615858894185923
2021-10-18 00:00:00-04:00,-0.0015604920868055538,0.0029605636261627044
2021-10-19 00:00:00-04:00,0.0024360349914696712,0.007714724433147246
2021-10-20 00:00:00-04:00,0.017031984607041546,0.003927732129011652
2021-10-21 00:00:00-04:00,0.0002746196493407238,0.0026083147584208266
2021-10-22 00:00:00-04:00,0.01198488112134689,-0.0010362257451957957
2021-10-25 00:00:00-04:00,0.0011658043842884824,0.005362832142579599
2021-10-26 00:00:00-04:00,0.0016333839344590928,0.0009000494295812178
2021-10-27 00:00:00-04:00,-0.023079824679984973,-0.004430259368313649
2021-10-28 00:00:00-04:00,0.008704269665346898,0.009648878897468016
2021-10-29 00:00:00-04:00,-0.012959012723552089,0.0020291492308970316
2021-11-01 00:00:00-04:00,0.02166283756010634,0.0017201275389755466
2021-11-02 00:00:00-04:00,-0.0033484394955645147,0.0040431955274551346
2021-11-03 00:00:00-04:00,0.015304811077214037,0.006105289641120892
2021-11-04 00:00:00-04:00,-0.006007043889428881,0.004712423702791568
2021-11-05 00:00:00-04:00,0.021796304519392972,0.0034697895209006013
2021-11-08 00:00:00-05:00,0.006645005826534917,0.0008536094784730164
2021-11-09 00:00:00-05:00,0.00045027622153352985,-0.0033053275091543544
2021-11-10 00:00:00-05:00,-0.010020558400082485,-0.008044939919856442
2021-11-11 00:00:00-05:00,0.0050650260822420355,0.00032349368177064797
2021-11-12 00:00:00-05:00,-0.005784313934755009,0.007546924905921237
2021-11-15 00:00:00-05:00,0.0024102167911037643,0.0003423232040846713
2021-11-16 00:00:00-05:00,-0.00647652841397024,0.003957855144154587
2021-11-17 00:00:00-05:00,-0.0054295715739826,-0.0024291462983060397
2021-11-18 00:00:00-05:00,-0.0056728657149448525,0.0033964472115584066
2021-11-19 00:00:00-05:00,-0.023052103497990688,-0.0017883843014178114
2021-11-22 00:00:00-05:00,0.01430228238366268,-0.002815009852500161
2021-11-23 00:00:00-05:00,0.01399681900159765,0.00132600400568883
2021-11-24 00:00:00-05:00,0.000353341547607533,0.0026697418190726463
2021-11-26 00:00:00-05:00,-0.040281944795320206,-0.022303196641114464
2021-11-29 00:00:00-05:00,0.00476370412521912,0.012266576778307448
2021-11-30 00:00:00-05:00,-0.025793474483715866,-0.019457783671234408
2021-12-01 00:00:00-05:00,-0.024590628917466495,-0.01110703387771117
2021-12-02 00:00:00-05:00,0.03649594317835055,0.01531637022905108
2021-12-03 00:00:00-05:00,-0.006773039985706703,-0.008701368119944375
2021-12-06 00:00:00-05:00,0.026640538198803753,0.011843358718230501
2021-12-07 00:00:00-05:00,0.012119982254129668,0.020684888783017552
2021-12-08 00:00:00-05:00,-0.0028019840661329233,0.0026479872203681865
2021-12-09 00:00:00-05:00,-0.014407751025768389,-0.006751674857724321
2021-12-10 00:00:00-05:00,0.009560337123875889,0.009413580864753968
2021-12-13 00:00:00-05:00,-0.023260904099885203,-0.008858455906991303
2021-12-14 00:00:00-05:00,-0.0008021472647223471,-0.006879987658150677
2021-12-15 00:00:00-05:00,0.0013454861161764254,0.01562491858620274
2021-12-16 00:00:00-05:00,0.0027373449964624708,-0.00881820293023483
2021-12-17 00:00:00-05:00,-0.005911123598132723,-0.010643025987760457
2021-12-20 00:00:00-05:00,-0.010705749467479053,-0.010633423908228856
2021-12-21 00:00:00-05:00,0.027432606203689917,0.017759006218186935
2021-12-22 00:00:00-05:00,0.009165399859826052,0.00999862974582122
2021-12-23 00:00:00-05:00,0.007378054710735138,0.006222045293252432
2021-12-27 00:00:00-05:00,0.010125494329075075,0.014152173578146687
2021-12-28 00:00:00-05:00,9.186512492067588e-05,-0.0008172500728090837
2021-12-29 00:00:00-05:00,-0.002122404826722213,0.0012792463552544486
2021-12-30 00:00:00-05:00,-0.0014200361764830026,-0.002764632190917382
2021-12-31 00:00:00-05:00,-0.0022824391640707984,-0.0025200675036126663
2022-01-04 00:00:00-05:00,0.0222735611174803,-0.00033494558913660377
2022-01-05 00:00:00-05:00,-0.020239443837652655,-0.01920221175774839
2022-01-06 00:00:00-05:00,0.007912908548572739,-0.0009393799927677193
2022-01-07 00:00:00-05:00,0.010987877148635411,-0.003953410764519827
2022-01-10 00:00:00-05:00,-0.003488474200369096,-0.0012444825211528343
2022-01-11 00:00:00-05:00,0.014469102245767746,0.009108404749507581
2022-01-12 00:00:00-05:00,0.0025143328494638905,0.0027035959854764258
2022-01-13 00:00:00-05:00,0.006196585676321914,-0.013778669153462264
2022-01-14 00:00:00-05:00,0.01468240637101762,0.000408946749429262
2022-01-18 00:00:00-05:00,-0.021636256329646098,-0.017709502123451792
2022-01-19 00:00:00-05:00,-0.01425556126862862,-0.010383777285734919
2022-01-20 00:00:00-05:00,-0.013010871714500749,-0.011067905226419317
2022-01-21 00:00:00-05:00,-0.01865956515103296,-0.019630590870072018
2022-01-24 00:00:00-05:00,0.011283759388305632,0.004246621163614295
2022-01-25 00:00:00-05:00,0.0108004465971951,-0.01220894343286294
2022-01-26 00:00:00-05:00,-0.011795833291012674,-0.0025087082699658536
2022-01-27 00:00:00-05:00,-0.003994110644214793,-0.004938029809525402
2022-01-28 00:00:00-05:00,0.014362136703420464,0.024835362604699762
2022-01-31 00:00:00-05:00,0.011812659887841376,0.01801113303057722
2022-02-01 00:00:00-05:00,0.011495598997518914,0.00675691091783559
2022-02-02 00:00:00-05:00,0.006141153958481843,0.009714016432730954
2022-02-03 00:00:00-05:00,-0.001903674624919921,-0.023504912404369027
2022-02-04 00:00:00-05:00,-0.0020892792429334115,0.004702072430001758
2022-02-07 00:00:00-05:00,-0.0016448356744717563,-0.003209123037496986
2022-02-08 00:00:00-05:00,0.002367801385657836,0.008227941521368853
2022-02-09 00:00:00-05:00,0.02574945057632505,0.01463593620864767
2022-02-10 00:00:00-05:00,-0.007464190688798289,-0.01796567642123459
2022-02-11 00:00:00-05:00,-0.0010569515093281079,-0.019718711068433925
2022-02-14 00:00:00-05:00,-0.008588224281378492,-0.003269231231416203
2022-02-15 00:00:00-05:00,0.01054413256238484,0.016126934496343726
2022-02-16 00:00:00-05:00,0.006535571330058293,0.0011207649792654983
2022-02-17 00:00:00-05:00,-0.012319507817321685,-0.02136148567187024
2022-02-18 00:00:00-05:00,-0.009687276641373633,-0.006474975964716023
2022-02-22 00:00:00-05:00,-0.016836958929552122,-0.010731692830539208
2022-02-23 00:00:00-05:00,-0.008863664966431794,-0.017738644823183658
2022-02-24 00:00:00-05:00,0.005377851823098118,0.01504919365825419
2022-02-25 00:00:00-05:00,0.030007591436003945,0.02206381353778597
2022-02-28 00:00:00-05:00,0.00152998970522501,-0.002558428053966444
2022-03-01 00:00:00-05:00,-0.008084991127476442,-0.015230222820546091
2022-03-02 00:00:00-05:00,0.01575692313465843,0.01839607766397222
2022-03-03 00:00:00-05:00,-0.0009616338603289587,-0.004978303207140211
2022-03-04 00:00:00-05:00,-0.0013842579928533439,-0.008124686457265606
2022-03-07 00:00:00-05:00,-0.02495028945132413,-0.029479177421740888
2022-03-08 00:00:00-05:00,-0.004583640879412704,-0.00758177522739667
2022-03-09 00:00:00-05:00,0.01564163323091009,0.02681103637420268
2022-03-10 00:00:00-05:00,0.006107544758545131,-0.0045156319400465605
2022-03-11 00:00:00-05:00,-0.01393035826633035,-0.01271516126785055
2022-03-14 00:00:00-04:00,-0.01509529633913429,-0.00730806534739159
2022-03-15 00:00:00-04:00,0.015758368149146544,0.021990133252858035
2022-03-16 00:00:00-04:00,0.014453006328307455,0.02217416569315822
2022-03-17 00:00:00-04:00,0.021861478384013956,0.012511165423527704
2022-03-18 00:00:00-04:00,0.00010172501544548629,0.01095269229958018
2022-03-21 00:00:00-04:00,0.00823073659284188,-0.0002924383219522486
2022-03-22 00:00:00-04:00,0.003936534194980934,0.01170145841677872
2022-03-23 00:00:00-04:00,-0.002629799973144559,-0.012878381956949903
2022-03-24 00:00:00-04:00,0.007296030906851358,0.015074233744946097
2022-03-25 00:00:00-04:00,0.010815886751726284,0.004883491938802553
2022-03-28 00:00:00-04:00,-0.007962254083258218,0.007113104162979944
2022-03-29 00:00:00-04:00,0.012485674248394751,0.01237081627887604
2022-03-30 00:00:00-04:00,-0.0019056294033068133,-0.006174711087208906
2022-03-31 00:00:00-04:00,-0.016282119674881235,-0.015391406855499667
2022-04-01 00:00:00-04:00,0.016408131919976053,0.002834239608378253
2022-04-04 00:00:00-04:00,-0.00443945007330205,0.008566593047820259
2022-04-05 00:00:00-04:00,-0.018705787704866132,-0.012631289488531094
2022-04-06 00:00:00-04:00,-0.004311807188767297,-0.009999405130722727
2022-04-07 00:00:00-04:00,0.005851780948044494,0.005039064928308523
2022-04-08 00:00:00-04:00,0.024174170502425086,-0.002674074207091315
2022-04-11 00:00:00-04:00,-0.016764131124177635,-0.017092341370682607
2022-04-12 00:00:00-04:00,0.0012024585493936757,-0.0037052243292309273
2022-04-13 00:00:00-04:00,0.02148837906042126,0.01145353441098429
2022-04-14 00:00:00-04:00,-0.0051670484236968125,-0.012451697121910188
2022-04-18 00:00:00-04:00,-0.00605105636446005,0.0004112516103094155
2022-04-19 00:00:00-04:00,0.009999919605361346,0.016142547365398885
2022-04-20 00:00:00-04:00,0.007302145479496452,-0.0007414871434004988
2022-04-21 00:00:00-04:00,-0.015847890111594053,-0.01495350167708065
2022-04-22 00:00:00-04:00,-0.043180058552471555,-0.027439197100966872
2022-04-25 00:00:00-04:00,-0.004515263645653106,0.005797640801027626
2022-04-26 00:00:00-04:00,-0.02224513238044415,-0.028960888531535
2022-04-27 00:00:00-04:00,0.0026935142096331964,0.0028117859528904443
2022-04-28 00:00:00-04:00,0.01073770755724166,0.025259488919774364
2022-04-29 00:00:00-04:00,-0.028685503968791565,-0.03695567527097243
2022-05-02 00:00:00-04:00,0.0050409172095007785,0.006019505644838885
2022-05-03 00:00:00-04:00,0.020059667540782422,0.00458398201003285
2022-05-04 00:00:00-04:00,0.027513414808579172,0.030452946392261593
2022-05-05 00:00:00-04:00,-0.024081955640439846,-0.035542793896515046
2022-05-06 00:00:00-04:00,-0.0010330479929781422,-0.0059690650345245455
2022-05-09 00:00:00-04:00,-0.04710292193050986,-0.03201718753522753
2022-05-10 00:00:00-04:00,0.005543347325756837,0.002310661675680281
2022-05-11 00:00:00-04:00,-0.011164419182744334,-0.015886216942343934
2022-05-12 00:00:00-04:00,-0.0029107685166421928,-0.0010441727239514087
2022-05-13 00:00:00-04:00,0.0318306963740041,0.023908053921741557
2022-05-16 00:00:00-04:00,0.0046025793867006115,-0.0040577172930178484
2022-05-17 00:00:00-04:00,0.022604432064686715,0.020570751408198973
2022-05-18 00:00:00-04:00,-0.03992877699026029,-0.04031185795970782
2022-05-19 00:00:00-04:00,-0.00036402702556664337,-0.006124455876856394
2022-05-20 00:00:00-04:00,0.0007021162094347999,0.00043650290882868426
2022-05-23 00:00:00-04:00,0.018293024294852456,0.018709892350817103
2022-05-24 00:00:00-04:00,-0.01269223236574309,-0.007633729241374954
2022-05-25 00:00:00-04:00,0.01867340522886466,0.008834843153524341
2022-05-26 00:00:00-04:00,0.02588736868670998,0.019981393791707047
2022-05-27 00:00:00-04:00,0.025042790410398662,0.024549385494113674
2022-05-31 00:00:00-04:00,-0.008482016160765066,-0.005611073919749687
2022-06-01 00:00:00-04:00,-0.0032145367998332062,-0.008088576902545275
2022-06-02 00:00:00-04:00,0.00985757362226738,0.01904351524158132
2022-06-03 00:00:00-04:00,-0.00781887446262286,-0.01641151032968291
2022-06-06 00:00:00-04:00,-0.001037143818023356,0.0030447596335663185
2022-06-07 00:00:00-04:00,0.01627754578541723,0.0095921505227623
2022-06-08 00:00:00-04:00,-0.012319083615239191,-0.010872050090766416
2022-06-09 00:00:00-04:00,-0.022032427925442438,-0.023782766686116008
2022-06-10 00:00:00-04:00,-0.02362667029204219,-0.0289957927179727
2022-06-13 00:00:00-04:00,-0.05631269964028542,-0.03796814634279211
2022-06-14 00:00:00-04:00,-0.005311317235755142,-0.003013531556590787
2022-06-15 00:00:00-04:00,0.005052880009531013,0.01425673864989463
2022-06-16 00:00:00-04:00,-0.04840594017799121,-0.033096245671618174
2022-06-17 00:00:00-04:00,-0.007239961658250726,0.002155716031598587
2022-06-21 00:00:00-04:00,0.014324639404309813,0.02517361111111116
2022-06-22 00:00:00-04:00,-0.010376540953726953,-0.0018130118833946662
2022-06-23 00:00:00-04:00,-0.005827818180840066,0.009802654172865966
2022-06-24 00:00:00-04:00,0.025888451365569564,0.031794048393200214
2022-06-27 00:00:00-04:00,0.011302371636587488,-0.003819783597565962
2022-06-28 00:00:00-04:00,-0.0012041850940875177,-0.020432978017926873
2022-06-29 00:00:00-04:00,-0.017762197063974465,-0.0008144188269273434
2022-06-30 00:00:00-04:00,-0.016449671538748867,-0.008124287713123013
2022-07-01 00:00:00-04:00,0.021663518426847633,0.010576431422721466
2022-07-05 00:00:00-04:00,-0.027646661062823694,0.0018887394330524554
2022-07-06 00:00:00-04:00,-0.010256329908185546,0.0033771327158720332
2022-07-07 00:00:00-04:00,0.02737211227113661,0.014977164700789913
2022-07-08 00:00:00-04:00,-0.0038531852282825962,-0.0008224151386596601
2022-07-11 00:00:00-04:00,-0.01854205324091699,-0.011423423314191217
2022-07-12 00:00:00-04:00,0.001533585473808069,-0.008849195970621282
2022-07-13 00:00:00-04:00,-0.0011609800230049482,-0.005251756473079183
2022-07-14 00:00:00-04:00,-0.01481987024342261,-0.0024284344355902654
2022-07-15 00:00:00-04:00,0.022618723869092573,0.019105134311582228
2022-07-18 00:00:00-04:00,0.008145029494989436,-0.00825688862241114
2022-07-19 00:00:00-04:00,0.0327105231184498,0.027019186160654574
2022-07-20 00:00:00-04:00,0.004812148436643382,0.006373082608261527
2022-07-21 00:00:00-04:00,-0.012203769243251306,0.010183349985235512
2022-07-22 00:00:00-04:00,-0.010116066969799664,-0.009278170740315006
2022-07-25 00:00:00-04:00,0.01485944674129534,0.0012148580508402063
2022-07-26 00:00:00-04:00,-0.011023521499240163,-0.011830775358308121
2022-07-27 00:00:00-04:00,0.021280142412306063,0.025966157258152878
2022-07-28 00:00:00-04:00,-0.0033393888840959453,0.01254254004617894
2022-07-29 00:00:00-04:00,0.008290398397760568,0.014578601881662934
2022-08-01 00:00:00-04:00,-0.005479573786787007,-0.0029612510847228934
2022-08-02 00:00:00-04:00,0.003348398732333835,-0.006597199963133127
2022-08-03 00:00:00-04:00,0.001196512207343181,0.015659482530580915
2022-08-04 00:00:00-04:00,-0.009339038788029209,-0.0006755506740602213
2022-08-05 00:00:00-04:00,0.00046697245109482145,-0.0016903643389785117
2022-08-08 00:00:00-04:00,0.009125130846985168,-0.0011608539769837334
2022-08-09 00:00:00-04:00,0.0014478248811349349,-0.003971104826959393
2022-08-10 00:00:00-04:00,0.016830847516846947,0.021003990498106306
2022-08-11 00:00:00-04:00,0.02184927878558402,0.0
2022-08-12 00:00:00-04:00,0.012425506539667947,0.01692907189307813
2022-08-15 00:00:00-04:00,-0.00595675818110174,0.004120826995420268
2022-08-16 00:00:00-04:00,-0.0008655360030760506,0.0019587780497767326
2022-08-17 00:00:00-04:00,-0.013396721527671924,-0.007098193454560087
2022-08-18 00:00:00-04:00,0.011747416285208067,0.0029065183253946802
2022-08-19 00:00:00-04:00,0.004725648937292215,-0.013438022440311337
2022-08-22 00:00:00-04:00,-0.0195954074289325,-0.020822540745820683
2022-08-23 00:00:00-04:00,0.00999719777128356,-0.00241921195547512
2022-08-24 00:00:00-04:00,0.012103438903471857,0.0032011348179299404
2022-08-25 00:00:00-04:00,0.01300357236609001,0.014117407083835243
2022-08-26 00:00:00-04:00,-0.024498827633028936,-0.03384891502871701
2022-08-29 00:00:00-04:00,0.006192174507492748,-0.006612067453222403
2022-08-30 00:00:00-04:00,-0.02089496769074851,-0.010978000976525237
2022-08-31 00:00:00-04:00,-0.00822108086781509,-0.007608976125815903
2022-09-01 00:00:00-04:00,-0.005440759159485298,0.0031377355688699815
2022-09-02 00:00:00-04:00,0.0030865681125013867,-0.010544423875622821
2022-09-06 00:00:00-04:00,-0.01001032538126555,-0.0037730972217701053
2022-09-07 00:00:00-04:00,0.014609516428110553,0.01796497210571535
2022-09-08 00:00:00-04:00,0.0032766319008782963,0.006536233896857535
2022-09-09 00:00:00-04:00,0.020936851806034183,0.015535261216864438
2022-09-12 00:00:00-04:00,0.018745392650660712,0.010747709074552025
2022-09-13 00:00:00-04:00,-0.03566561457013227,-0.04348242451336526
2022-09-14 00:00:00-04:00,0.008553419460235134,0.0038157105830463056
2022-09-15 00:00:00-04:00,-0.006013658627455981,-0.011353185700066493
2022-09-16 00:00:00-04:00,-0.01666392887421292,-0.0076290719133748075
2022-09-19 00:00:00-04:00,0.007746922711881527,0.007755082502925115
2022-09-20 00:00:00-04:00,-0.02104789019679667,-0.011478630787753463
2022-09-21 00:00:00-04:00,-0.028565120659633358,-0.017443680187197552
2022-09-22 00:00:00-04:00,-0.019383440857581098,-0.008399741093971236
2022-09-23 00:00:00-04:00,-0.03709077930119416,-0.01675485360031237
2022-09-26 00:00:00-04:00,-0.025788785377121575,-0.00989282485792442
2022-09-27 00:00:00-04:00,0.0006774323522913906,-0.002552842792566956
2022-09-28 00:00:00-04:00,0.035931375213344476,0.019676602954819655
2022-09-29 00:00:00-04:00,-0.011439606495339937,-0.02088901243320651
2022-09-30 00:00:00-04:00,-0.012987463828237511,-0.015463568789936155
2022-10-04 00:00:00-04:00,0.04452388329104746,0.03098669324822345
2022-10-05 00:00:00-04:00,0.006370778004671318,-0.0023282735689142964
2022-10-06 00:00:00-04:00,-0.0019237378594469002,-0.010315706813195158
2022-10-07 00:00:00-04:00,-0.020710875687769754,-0.027893874206975755
2022-10-10 00:00:00-04:00,-0.012966973843330431,-0.007635197183884057
2022-10-11 00:00:00-04:00,-0.004453342053351133,-0.006333254881843553
2022-10-12 00:00:00-04:00,-0.0005380384764483659,-0.0032984120641216252
2022-10-13 00:00:00-04:00,0.037118080734702345,0.026391287210147052
2022-10-14 00:00:00-04:00,-0.023803291336097442,-0.022788874765948264
2022-10-17 00:00:00-04:00,0.020470956129789768,0.025696685650706597
2022-10-18 00:00:00-04:00,0.008426287753550832,0.011749796996227024
2022-10-19 00:00:00-04:00,0.0051051483111156145,-0.0070863810496661905
2022-10-20 00:00:00-04:00,-0.004980310685946376,-0.00838543952497739
2022-10-21 00:00:00-04:00,0.004216567813337147,0.0243016241263061
2022-10-24 00:00:00-04:00,0.01216958376389866,0.012236376147729544
2022-10-25 00:00:00-04:00,0.022776324747676324,0.01596851160572088
2022-10-26 00:00:00-04:00,0.010047306675614676,-0.007534005799989862
2022-10-27 00:00:00-04:00,-0.0008088463410490743,-0.005339986471148861
2022-10-28 00:00:00-04:00,0.003113820397418615,0.023790661010537173
2022-10-31 00:00:00-04:00,0.0016193372332221124,-0.007223342744853922
2022-11-01 00:00:00-04:00,0.004628300178110556,-0.004375901553628103
2022-11-02 00:00:00-04:00,-0.026728386783076773,-0.02509607294665983
2022-11-03 00:00:00-04:00,0.0015359850247856632,-0.010296940922692954
2022-11-04 00:00:00-04:00,0.012597160619400383,0.01439307890466135
2022-11-07 00:00:00-05:00,0.014200746077743376,0.009565686682178942
2022-11-08 00:00:00-05:00,-0.005439641103099868,0.005395285810182893
2022-11-09 00:00:00-05:00,-0.03408311760741804,-0.02060207293328231
2022-11-10 00:00:00-05:00,0.04263754530047492,0.054954222049462764
2022-11-11 00:00:00-05:00,0.026771560997106224,0.00967846901792413
2022-11-14 00:00:00-05:00,-0.009634124346570055,-0.008506744568966051
2022-11-15 00:00:00-05:00,0.010718033417382134,0.00852908787989426
2022-11-16 00:00:00-05:00,-0.01715851022545222,-0.007628785137552496
2022-11-17 00:00:00-05:00,-0.0035712034926092427,-0.0030597362256538085
2022-11-18 00:00:00-05:00,0.0065105285763402245,0.004540306623123769
2022-11-21 00:00:00-05:00,-0.01256958460981063,-0.00363610274484516
2022-11-22 00:00:00-05:00,0.019635454143825143,0.013457029988019231
2022-11-23 00:00:00-05:00,0.0023069465349614014,0.006301798831705119
2022-11-25 00:00:00-05:00,0.006809675126447023,-0.00022387433408022073
2022-11-28 00:00:00-05:00,-0.020321228647900934,-0.015957041813578487
2022-11-29 00:00:00-05:00,0.009073093955364857,-0.0017175199854031487
2022-11-30 00:00:00-05:00,0.02003166634803429,0.03150074630404376
2022-12-01 00:00:00-05:00,-0.008206446033518916,-0.0007360750514971981
2022-12-02 00:00:00-05:00,0.003432630909978862,-0.001153538109765262
2022-12-05 00:00:00-05:00,-0.0194107136718084,-0.017989370735575827
2022-12-06 00:00:00-05:00,-0.0123935898082921,-0.014414753729274588
2022-12-07 00:00:00-05:00,-0.0035407372295757967,-0.0017012272057858047
2022-12-08 00:00:00-05:00,-0.002744790721489393,0.007833996416559907
2022-12-09 00:00:00-05:00,-0.006890461760538346,-0.007470347377075304
2022-12-12 00:00:00-05:00,0.019459808652857118,0.014417358595540719
2022-12-13 00:00:00-05:00,0.005645273616604679,0.007569911693504627
2022-12-14 00:00:00-05:00,-0.01463856622985214,-0.006393675967656276
2022-12-15 00:00:00-05:00,-0.018655544283447227,-0.024461534760411685
2022-12-16 00:00:00-05:00,-0.011868431045837596,-0.011806222371831376
2022-12-19 00:00:00-05:00,-0.011920975200970473,-0.00847957442760583
2022-12-20 00:00:00-05:00,0.001263036974562548,0.0013682417727736151
2022-12-21 00:00:00-05:00,0.023940642995846917,0.014952535320623017
2022-12-22 00:00:00-05:00,-0.011893541200903806,-0.014266067766375956
2022-12-23 00:00:00-05:00,0.015622423552344,0.005752266979211607
2022-12-27 00:00:00-05:00,0.005273090640972922,-0.003943493195009307
2022-12-28 00:00:00-05:00,-0.02226144283346227,-0.012427864835548474
2022-12-29 00:00:00-05:00,0.017644370602998522,0.018000202139290655
2022-12-30 00:00:00-05:00,0.0016106727034296165,-0.0026341156045561753
2023-01-04 00:00:00-05:00,0.023302230280094954,0.007720144772711768
2023-01-05 00:00:00-05:00,0.007147110819710328,-0.011413399813066882
2023-01-06 00:00:00-05:00,0.024814661636459345,0.022932083308337292
2023-01-09 00:00:00-05:00,0.0039410961545898685,-0.0005669366299058121
2023-01-10 00:00:00-05:00,0.015260789489856841,0.007012923151647588
2023-01-11 00:00:00-05:00,0.0036977029769889314,0.012647835968649268
2023-01-12 00:00:00-05:00,0.016978234699782123,0.0036407493855865614
2023-01-13 00:00:00-05:00,0.0003157237154748749,0.0038795412269740925
2023-01-17 00:00:00-05:00,-0.0009680548532249422,-0.001831872216021213
2023-01-18 00:00:00-05:00,-0.01883965662334631,-0.015788044821740788
2023-01-19 00:00:00-05:00,0.0011569566703907297,-0.007279774426572128
2023-01-20 00:00:00-05:00,0.011804715995659016,0.018628991417642293
2023-01-23 00:00:00-05:00,0.008093644705688385,0.011998571433469607
2023-01-24 00:00:00-05:00,-0.008519442016300883,-0.0010732981818066811
2023-01-25 00:00:00-05:00,0.010036768742376117,0.0003748196298845041
2023-01-26 00:00:00-05:00,0.013938133486885806,0.01099035311463914
2023-01-27 00:00:00-05:00,-0.000646553771900249,0.0022976486399917118
2023-01-30 00:00:00-05:00,-0.01771539160875074,-0.012546666977909515
2023-01-31 00:00:00-05:00,0.02060849785103256,0.014703256479240201
2023-02-01 00:00:00-05:00,0.006374220234059291,0.010627826492801695
2023-02-02 00:00:00-05:00,0.0011147267416434902,0.014556820015521943
2023-02-03 00:00:00-05:00,-0.00992538030814547,-0.010629052146725604
2023-02-06 00:00:00-05:00,-0.005884812682223961,-0.006111382360654893
2023-02-07 00:00:00-05:00,0.009845797895922204,0.013078702125806085
2023-02-08 00:00:00-05:00,-0.006023311930146896,-0.010934714983047211
2023-02-09 00:00:00-05:00,-0.008369250407874406,-0.008669360975830265
2023-02-10 00:00:00-05:00,0.015702490795629225,0.002333680485364642
2023-02-13 00:00:00-05:00,0.00848367318842665,0.01173917412675074
2023-02-14 00:00:00-05:00,0.002131558325455185,-0.000460231213616491
2023-02-15 00:00:00-05:00,-0.0072442851278944065,0.003247351820926614
2023-02-16 00:00:00-05:00,-0.007065649266083274,-0.013768811038656015
2023-02-17 00:00:00-05:00,-0.010997810033576144,-0.0024982088000626845
2023-02-21 00:00:00-05:00,-0.01996045025257847,-0.020060836684621552
2023-02-22 00:00:00-05:00,0.002081540094942741,-0.001378240100103345
2023-02-23 00:00:00-05:00,0.007719481970322855,0.005319547487586673
2023-02-24 00:00:00-05:00,0.001970871816008918,-0.01068246307790821
2023-02-27 00:00:00-05:00,0.0010324740473899752,0.003405727269621517
2023-02-28 00:00:00-05:00,-0.011213451171345434,-0.0036958379421848653
2023-03-01 00:00:00-05:00,0.005726397482124107,-0.0038359689521831886
2023-03-02 00:00:00-05:00,0.009111452884146493,0.007777289444778068
2023-03-03 00:00:00-05:00,0.013408997876147738,0.016037838554990858
2023-03-06 00:00:00-05:00,-0.007534288618431406,0.0006928033654420851
2023-03-07 00:00:00-05:00,-0.01528923256110376,-0.015328676218668513
2023-03-08 00:00:00-05:00,-0.0028490219950614293,0.0016319306127514643
2023-03-09 00:00:00-05:00,-0.03092187996595002,-0.018449860684999986
2023-03-10 00:00:00-05:00,-0.01954220395227772,-0.014429491759649249
2023-03-13 00:00:00-04:00,-0.016309365402372135,-0.001425147876576327
2023-03-14 00:00:00-04:00,0.0058470698570270265,0.016530014191542763
2023-03-15 00:00:00-04:00,-0.03227415577262817,-0.006254264280257216
2023-03-16 00:00:00-04:00,0.02082102024683861,0.017545103010754293
2023-03-17 00:00:00-04:00,-0.014474767961921885,-0.011692606495359414
2023-03-20 00:00:00-04:00,0.010418390668994049,0.009615537353721892
2023-03-21 00:00:00-04:00,0.023333900727598306,0.013130525044499075
2023-03-22 00:00:00-04:00,-0.025487333916517047,-0.017046443956589385
2023-03-23 00:00:00-04:00,-0.011738357002191674,0.002703377011824104
2023-03-24 00:00:00-04:00,0.0038245424266841856,0.006562062902385701
2023-03-27 00:00:00-04:00,0.01771246610616688,0.0018696901455410586
2023-03-28 00:00:00-04:00,0.0038564568106317643,-0.0022445170532933156
2023-03-29 00:00:00-04:00,0.01463396108957774,0.014534741609495416
2023-03-30 00:00:00-04:00,0.005518735752816667,0.005855338844083846
2023-03-31 00:00:00-04:00,0.014910096097376873,0.014094643273742324
2023-04-04 00:00:00-04:00,-0.0115097704383496,-0.00554799019553831
2023-04-05 00:00:00-04:00,0.00826423699298432,-0.002618377752314882
2023-04-06 00:00:00-04:00,-0.0018034619460820412,0.003901077049068391
2023-04-10 00:00:00-04:00,0.008737922930334891,0.0010263310987930208
2023-04-11 00:00:00-04:00,0.0058114858758537835,0.00026854551282173844
2023-04-12 00:00:00-04:00,-0.012608088418810176,-0.00407606808172678
2023-04-13 00:00:00-04:00,0.006057303747676041,0.013282866250799996
2023-04-14 00:00:00-04:00,-0.0048185120738687085,-0.0024428688498095985
2023-04-17 00:00:00-04:00,0.0033690613996649023,0.00358834447527534
2023-04-18 00:00:00-04:00,0.002587894246177025,0.0006521101163594611
2023-04-19 00:00:00-04:00,0.0014193969792304696,-0.00016891885479852764
2023-04-20 00:00:00-04:00,-0.013710237096350214,-0.0054571146974361495
2023-04-21 00:00:00-04:00,0.00026744922200254705,0.0007770704809340057
2023-04-24 00:00:00-04:00,0.005630669011898098,0.0010431726546866749
2023-04-25 00:00:00-04:00,-0.01539346973195479,-0.015873934013287738
2023-04-26 00:00:00-04:00,-0.016614077392086497,-0.0042355775973133
2023-04-27 00:00:00-04:00,0.02298779035031972,0.01990796478015433
2023-04-28 00:00:00-04:00,0.021962031723117288,0.008535265405060555
2023-05-01 00:00:00-04:00,0.0002657606430035653,-0.0010098510566087793
2023-05-02 00:00:00-04:00,-0.022173821546037996,-0.011239091143151803
2023-05-03 00:00:00-04:00,-0.012539980479868512,-0.006864148355433364
2023-05-04 00:00:00-04:00,-0.014300472325667418,-0.0070828408217824546
2023-05-05 00:00:00-04:00,0.024114812063893078,0.01851262801495901
2023-05-08 00:00:00-04:00,0.008552403580664902,0.00026650382269521877
2023-05-09 00:00:00-04:00,-0.003263632569032465,-0.004385284558172553
2023-05-10 00:00:00-04:00,-0.007821049088806997,0.004672282854322862
2023-05-11 00:00:00-04:00,-0.011092957653484541,-0.0017440339748816536
2023-05-12 00:00:00-04:00,-0.0031169917089519496,-0.001310100877767617
2023-05-15 00:00:00-04:00,0.004102264029786451,0.003449924824415307
2023-05-16 00:00:00-04:00,-0.02033382771997825,-0.006682657920612178
2023-05-17 00:00:00-04:00,0.01395638180675966,0.01213897480445647
2023-05-18 00:00:00-04:00,0.008574782297329997,0.009633272679506533
2023-05-19 00:00:00-04:00,0.0015029720334820806,-0.0014551842627072986
2023-05-22 00:00:00-04:00,0.0002665967705672012,0.00040616740452126265
2023-05-23 00:00:00-04:00,-0.00687180045725273,-0.011222849192935813
2023-05-24 00:00:00-04:00,-0.006921456362654227,-0.0072447314323380585
2023-05-25 00:00:00-04:00,-0.01570466401574333,0.008659819365261834
2023-05-26 00:00:00-04:00,0.0061710144026852435,0.012950707257804783
2023-05-30 00:00:00-04:00,-0.005976832285034784,0.00038093053363374985
2023-05-31 00:00:00-04:00,-0.0029759971993880917,-0.005545188564401338
2023-06-01 00:00:00-04:00,0.008305676025974606,0.009500924158774682
2023-06-02 00:00:00-04:00,0.02302992375060739,0.014461228062668141
2023-06-05 00:00:00-04:00,0.0019973856493927743,-0.0019162272985376871
2023-06-06 00:00:00-04:00,0.008631408130050705,0.0021774546781443416
2023-06-07 00:00:00-04:00,0.02296425237479095,-0.0034578147119415092
2023-06-08 00:00:00-04:00,0.000469581199842628,0.0060485442025133285
2023-06-09 00:00:00-04:00,-0.005995364088063804,0.0017944572609494003
2023-06-12 00:00:00-04:00,0.0026566602454838662,0.009071715112200618
2023-06-13 00:00:00-04:00,0.011961191540050247,0.006593053860997067
2023-06-14 00:00:00-04:00,-0.006441924099473301,0.00119070218157602
2023-06-15 00:00:00-04:00,0.010110849674937517,0.01239773570975733
2023-06-16 00:00:00-04:00,0.001647854680653532,-0.003406225459272383
2023-06-20 00:00:00-04:00,-0.018004759424524223,-0.00518818339794147
2023-06-21 00:00:00-04:00,0.0063799186317318015,-0.005123798372965727
2023-06-22 00:00:00-04:00,-0.0074802362004509956,0.003609769724020717
2023-06-23 00:00:00-04:00,-0.012544671396388407,-0.007559976102290422
2023-06-26 00:00:00-04:00,0.011278817284463083,-0.004085805088959282
2023-06-27 00:00:00-04:00,0.011540205959784017,0.010963271870102265
2023-06-28 00:00:00-04:00,0.004350064679369281,0.0005044583472773034
2023-06-29 00:00:00-04:00,0.00963669329423295,0.003941449445418632
2023-06-30 00:00:00-04:00,0.007693004837362438,0.011800595346639353
2023-07-05 00:00:00-04:00,-0.002693539244163803,-0.0014871782236896003
2023-07-06 00:00:00-04:00,-0.008908452697643,-0.007830520541727393
2023-07-07 00:00:00-04:00,0.011517019422741614,-0.002524858799737184
2023-07-10 00:00:00-04:00,0.008398684800711603,0.002531249848190642
2023-07-11 00:00:00-04:00,0.01722509706599428,0.006368441830337357
2023-07-12 00:00:00-04:00,0.0021420834201329787,0.008045880972594954
2023-07-13 00:00:00-04:00,0.0020232999855327337,0.00793698681655064
2023-07-14 00:00:00-04:00,-0.019786374351727188,-0.0006228896112494553
2023-07-17 00:00:00-04:00,-0.00459271985916061,0.0034722391713319922
2023-07-18 00:00:00-04:00,0.017583192541839508,0.007430521538165147
2023-07-19 00:00:00-04:00,0.008734827009130636,0.0022237653732319895
2023-07-20 00:00:00-04:00,0.005767307955554945,-0.006634469134755627
2023-07-21 00:00:00-04:00,8.616814047018306e-05,0.0
2023-07-24 00:00:00-04:00,0.0035536879983500804,0.004467300594330537
2023-07-25 00:00:00-04:00,-0.0020138687185104476,0.0027300845885451785
2023-07-26 00:00:00-04:00,-0.0014453739274938372,0.00015374633382059244
2023-07-27 00:00:00-04:00,-0.01124626063056886,-0.006630022201409513
2023-07-28 00:00:00-04:00,0.008969820331231749,0.009790364342800784
2023-07-31 00:00:00-04:00,0.009612622670257332,0.001903981933290444
2023-08-01 00:00:00-04:00,-0.003498199431156568,-0.0028616323362948837
2023-08-02 00:00:00-04:00,-0.008074292439463887,-0.013910655268183691
2023-08-03 00:00:00-04:00,0.00037681982379437204,-0.0028658538198090833
2023-08-04 00:00:00-04:00,0.005250766716070149,-0.0045228796802740945
2023-08-07 00:00:00-04:00,0.014008066957513898,0.008728620286471145
2023-08-08 00:00:00-04:00,-0.0027434285306042914,-0.004348754528547882
2023-08-09 00:00:00-04:00,-0.0011381968898376115,-0.006685215804602795
2023-08-10 00:00:00-04:00,-0.002466452069612812,0.00035894914983103376
2023-08-11 00:00:00-04:00,0.00017301602672362137,-0.000583021593368982
2023-08-14 00:00:00-04:00,-0.003553377758255649,0.005520072444272106
2023-08-15 00:00:00-04:00,-0.012507118879620088,-0.011648978383582032
2023-08-16 00:00:00-04:00,-0.006246276794638722,-0.007338171166600516
2023-08-17 00:00:00-04:00,-0.006886953314142058,-0.007619887973886019
2023-08-18 00:00:00-04:00,0.0031660952511356256,0.0004812686534689803
2023-08-21 00:00:00-04:00,0.0004885315786436195,0.006506418565765726
2023-08-22 00:00:00-04:00,-0.0013499719532020892,-0.002708541353996896
2023-08-23 00:00:00-04:00,0.004566251281392475,0.011137453500391636
2023-08-24 00:00:00-04:00,-0.00703447442012971,-0.01385888316817796
2023-08-25 00:00:00-04:00,0.000879448620554385,0.0070497730846221796
2023-08-28 00:00:00-04:00,0.010138532878562173,0.006341310506172704
2023-08-29 00:00:00-04:00,0.013472429365163496,0.014454855809489242
2023-08-30 00:00:00-04:00,0.0008104263724322714,0.004118792019103701
2023-08-31 00:00:00-04:00,-0.004250139021174004,-0.0014633010487835607
2023-09-01 00:00:00-04:00,-1.520597547817193e-05,0.00186504280610289
2023-09-05 00:00:00-04:00,-0.009706401673515113,-0.004321838659041233
2023-09-06 00:00:00-04:00,0.001954774881575877,-0.006722417501090372
2023-09-07 00:00:00-04:00,-0.005910295188595871,-0.0030702864531131357
2023-09-08 00:00:00-04:00,0.008226282580770027,0.001506030460353358
2023-09-11 00:00:00-04:00,-0.0029173470668167,0.006576724822964453
2023-09-12 00:00:00-04:00,0.00666824644283695,-0.005485676328399469
2023-09-13 00:00:00-04:00,-0.0016602287004549964,0.0011659745609893246
2023-09-14 00:00:00-04:00,0.004550174355365677,0.008622499456212962
2023-09-15 00:00:00-04:00,-0.004931455011647068,-0.012048387221320178
2023-09-18 00:00:00-04:00,-0.0019579547157282775,0.0005864130463102413
2023-09-19 00:00:00-04:00,-0.0016018084624338513,-0.0020738326360975057
2023-09-20 00:00:00-04:00,-0.007789671246897012,-0.009193288818065248
2023-09-21 00:00:00-04:00,-0.01218476571973356,-0.016528366228026448
2023-09-22 00:00:00-04:00,-0.0074292349908737345,-0.0022486110913098045
2023-09-25 00:00:00-04:00,0.0048832983393294945,0.004205329274569403
2023-09-26 00:00:00-04:00,-0.01258300671021842,-0.014691251642316883
2023-09-27 00:00:00-04:00,0.008106661843715852,0.000399080063275159
2023-09-28 00:00:00-04:00,0.0043760135281035225,0.005797469109463327
2023-09-29 00:00:00-04:00,-0.01054511528636613,-0.002427084379103106
2023-10-03 00:00:00-04:00,-0.013899388804386422,-0.013385888614706798
2023-10-04 00:00:00-04:00,-0.012710769852054216,0.007281938038915969
2023-10-05 00:00:00-04:00,-0.005088746440400105,-0.00037684817157690453
2023-10-06 00:00:00-04:00,0.01494126571717907,0.011872839118201695
2023-10-09 00:00:00-04:00,0.018608466921386367,0.006402174755204104
2023-10-10 00:00:00-04:00,0.0053212732001615744,0.005204853636150419
2023-10-11 00:00:00-04:00,-0.0043915489212109195,0.004096269775736516
2023-10-12 00:00:00-04:00,-0.014917295079967086,-0.00609640566649039
2023-10-13 00:00:00-04:00,0.005269375958637501,-0.004980931673521871
2023-10-16 00:00:00-04:00,0.013598908206482413,0.010521448427820435
2023-10-17 00:00:00-04:00,0.008959568509894721,-4.58945269309341e-05
2023-10-18 00:00:00-04:00,-0.009397360957426982,-0.013324988404118887
2023-10-19 00:00:00-04:00,-0.004852323846549822,-0.008786532024844251
2023-10-20 00:00:00-04:00,-0.014277511645346191,-0.012287952811731007
2023-10-23 00:00:00-04:00,-0.008415393019002144,-0.0017332106751190013
2023-10-24 00:00:00-04:00,0.007486714524174226,0.007539336151123566
2023-10-25 00:00:00-04:00,-0.010381460960476296,-0.014352248921867927
2023-10-26 00:00:00-04:00,-0.011292880404087973,-0.0119745319319855
2023-10-27 00:00:00-04:00,-0.01808227647487228,-0.004532858780248672
2023-10-30 00:00:00-04:00,0.010342342537661564,0.011955909533308828
2023-10-31 00:00:00-04:00,0.011393502927459909,0.006280155167910362
2023-11-01 00:00:00-04:00,0.0033767128457924344,0.010664727290535359
2023-11-02 00:00:00-04:00,0.016555911788429745,0.019164394520968075
2023-11-03 00:00:00-04:00,0.015233448327582371,0.009123415866272522
2023-11-06 00:00:00-05:00,-0.010626973229382969,0.002300560237266769
2023-11-07 00:00:00-05:00,-0.008834577654516191,0.0028460265798733175
2023-11-08 00:00:00-05:00,-0.013904415670747499,0.0007323879455374271
2023-11-09 00:00:00-05:00,-0.008388656983175757,-0.007798757136895262
2023-11-10 00:00:00-05:00,0.014274166751372191,0.015604829444647361
2023-11-13 00:00:00-05:00,-5.9802010121146056e-05,-0.0009532218409319393
2023-11-14 00:00:00-05:00,0.02639290561727108,0.019400717857412264
2023-11-15 00:00:00-05:00,0.002117000914706202,0.002117122736277066
2023-11-16 00:00:00-05:00,-0.01193890454930599,0.0012230875779164485
2023-11-17 00:00:00-05:00,0.016289882963530615,0.0012437134777045777
2023-11-20 00:00:00-05:00,0.0065093546165039375,0.007697691516686644
2023-11-21 00:00:00-05:00,-0.0024085662215177495,-0.0021794570367177357
2023-11-22 00:00:00-05:00,0.005305993064092291,0.003860744842117736
2023-11-24 00:00:00-05:00,0.0035833812605923832,0.0006153791686638321
2023-11-27 00:00:00-05:00,-0.006465944105770655,-0.0018008433100381582
2023-11-28 00:00:00-05:00,-0.005228435154954481,0.0009900765655546095
2023-11-29 00:00:00-05:00,0.0017518418722356987,-0.0007034099185464493
2023-11-30 00:00:00-05:00,0.007369707869078234,0.003937473178642348
2023-12-01 00:00:00-05:00,0.016384037966084043,0.005915947913938346
2023-12-04 00:00:00-05:00,-0.0009275882307525796,-0.005249484476633315
2023-12-05 00:00:00-05:00,-0.019330523635938686,-0.00019701607465227866
2023-12-06 00:00:00-05:00,-0.00454151044301645,-0.004029984617137106
2023-12-07 00:00:00-05:00,0.004226726484644417,0.007630560852744495
2023-12-08 00:00:00-05:00,0.011451358156196034,0.004299143128265959
2023-12-11 00:00:00-05:00,0.004815300196062322,0.003889577120508081
2023-12-12 00:00:00-05:00,-0.004675822009081116,0.004567167535747263
2023-12-13 00:00:00-05:00,0.0194059256662917,0.013790297153891684
2023-12-14 00:00:00-05:00,0.020258986779790655,0.003209228990117108
2023-12-15 00:00:00-05:00,-0.00907964832666473,-0.0016465414989109695
2023-12-18 00:00:00-05:00,0.0004197422587922939,0.0056251233514303944
2023-12-19 00:00:00-05:00,0.009146577040620473,0.006080845379875743
2023-12-20 00:00:00-05:00,-0.017562734883876625,-0.01385719176315059
2023-12-21 00:00:00-05:00,0.010681041338444585,0.009481821600342943
2023-12-22 00:00:00-05:00,-0.001007339514597977,0.002009807365285443
2023-12-26 00:00:00-05:00,0.010500894651926823,0.004222410205838578
2023-12-27 00:00:00-05:00,-0.0015696577829559077,0.0018080937805731168
2023-12-28 00:00:00-05:00,0.0004061733468841477,0.0003777491462471083
2023-12-29 00:00:00-05:00,-0.004579180107118147,-0.0028949614676988533
